﻿<?xml version="1.0" encoding="utf-8" ?>
<Defs>

<ThingDef ParentName="AnimalThingBase" ADogSaidBody="LegsTail">
    <defName>Yippa</defName>
    <label>yippa</label>
    <description>A long necked lama-like herbivore. Native to tropical climates. The upper layers of vegetation are exploited by the yippa.</description>
    <statBases>
      <MoveSpeed>4.84</MoveSpeed>
      <ComfyTemperatureMin>-5</ComfyTemperatureMin>
      <MarketValue>400</MarketValue>
    </statBases>
    <verbs>
      <li>
        <verbClass>Verb_MeleeAttack</verbClass>
        <defaultCooldownTime>1.65</defaultCooldownTime>
        <meleeDamageBaseAmount>7</meleeDamageBaseAmount>
        <meleeDamageDef>Blunt</meleeDamageDef>
        <linkedBodyPartsGroup>FrontLeftLeg</linkedBodyPartsGroup>
      </li>
      <li>
        <verbClass>Verb_MeleeAttack</verbClass>
        <defaultCooldownTime>1.65</defaultCooldownTime>
        <meleeDamageBaseAmount>7</meleeDamageBaseAmount>
        <meleeDamageDef>Blunt</meleeDamageDef>
        <linkedBodyPartsGroup>FrontRightLeg</linkedBodyPartsGroup>
      </li>
    </verbs>
    <race>
      <body>QuadrupedAnimalWithHooves</body>
      <herdAnimal>true</herdAnimal>
      <baseBodySize>0.9</baseBodySize>
      <baseHungerRate>0.45</baseHungerRate>
      <baseHealthScale>0.9</baseHealthScale>
      <foodType>VegetarianRoughAnimal</foodType>
      <leatherDef>Leather_Yippa</leatherDef>
      <meatLabel>yippameat</meatLabel>
      <wildness>0.25</wildness>
	<packAnimal>true</packAnimal>
      <nuzzleMtbHours>120</nuzzleMtbHours>
      <gestationPeriodDays>22.5</gestationPeriodDays>
      <lifeExpectancy>40</lifeExpectancy>
      <lifeStageAges>
        <li>
          <def>AnimalBaby</def>
          <minAge>0</minAge>
        </li>
        <li>
          <def>AnimalJuvenile</def>
          <minAge>0.25</minAge>
        </li>
        <li>
          <def>AnimalAdult</def>
          <minAge>0.8</minAge>
          <soundWounded>Pawn_Deer_Wounded</soundWounded>
          <soundDeath>Pawn_Deer_Death</soundDeath>
          <soundCall>Pawn_Deer_Call</soundCall>
          <soundAngry>Pawn_Deer_Angry</soundAngry>
        </li>
      </lifeStageAges>
      <soundMeleeHitPawn>Pawn_Melee_BigBash_HitPawn</soundMeleeHitPawn>
      <soundMeleeHitBuilding>Pawn_Melee_BigBash_HitBuilding</soundMeleeHitBuilding>
      <soundMeleeMiss>Pawn_Melee_BigBash_Miss</soundMeleeMiss>
	  <wildBiomes>
		<TropicalRainforest>0.5</TropicalRainforest>
		<TropicalSwamp>0.5</TropicalSwamp>
      </wildBiomes>
    </race>
    <tradeTags>
      <li>StandardAnimal</li>
    </tradeTags>
  </ThingDef>
  
  <PawnKindDef ParentName="AnimalKindBase">
    <defName>Yippa</defName>
    <label>yippa</label>
    <race>Yippa</race>
    <combatPower>50</combatPower>
    <ecoSystemWeight>0.7</ecoSystemWeight>
    <wildGroupSize>
      <min>3</min>
      <max>9</max>
    </wildGroupSize>
    <lifeStages>
      <li>
        <bodyGraphicData>
          <texPath>Things/Pawn/Animal/Yippa</texPath>
          <drawSize>0.8</drawSize>
          <color>(140,74,41)</color>
          <shaderType>CutoutComplex</shaderType>
        </bodyGraphicData>
        <dessicatedBodyGraphicData>
          <texPath>Things/Pawn/Animal/Cow/Dessicated_Bull</texPath>
          <drawSize>1.4</drawSize>
        </dessicatedBodyGraphicData>
      </li>
      <li>
        <bodyGraphicData>
          <texPath>Things/Pawn/Animal/Yippa</texPath>
          <drawSize>1.7</drawSize>
          <color>(140,74,41)</color>
          <shaderType>CutoutComplex</shaderType>
          <shadowData>
            <volume>(0.3, 0.3, 0.3)</volume>
            <offset>(0,0,-0.3)</offset>
          </shadowData>
        </bodyGraphicData>
        <dessicatedBodyGraphicData>
          <texPath>Things/Pawn/Animal/Cow/Dessicated_Bull</texPath>
          <drawSize>2.2</drawSize>
        </dessicatedBodyGraphicData>
      </li>
      <li>
        <bodyGraphicData>
          <texPath>Things/Pawn/Animal/Yippa</texPath>
          <drawSize>2.5</drawSize>
          <color>(156,112,62)</color>
          <shaderType>CutoutComplex</shaderType>
          <shadowData>
            <volume>(0.4, 0.4, 0.4)</volume>
            <offset>(0,0,-0.2)</offset>
          </shadowData>
        </bodyGraphicData>
        <femaleGraphicData>
          <texPath>Things/Pawn/Animal/Yippa</texPath>
          <drawSize>2.5</drawSize>
          <color>(188,146,110)</color>
          <shaderType>CutoutComplex</shaderType>
          <shadowData>
            <volume>(0.4, 0.4, 0.4)</volume>
            <offset>(0,0,-0.2)</offset>
          </shadowData>
        </femaleGraphicData>
        <dessicatedBodyGraphicData>
          <texPath>Things/Pawn/Animal/Cow/Dessicated_Bull</texPath>
          <drawSize>2.3</drawSize>
        </dessicatedBodyGraphicData>
      </li>
    </lifeStages>
  </PawnKindDef>
</Defs>