﻿<?xml version="1.0" encoding="utf-8" ?>
<Defs>

<ThingDef ParentName="AnimalThingBase" ADogSaidBody="Legs">
    <defName>Toraton</defName>
    <label>toraton</label>
    <description>Due to its sheer size, an adult toraton has no predators and no longer has any need for a shell. Small sections of the ancestoral shell do remain, however, forming an external support for the creature's muscles, which its feeble ribs and vertebrae alone cannot carry.</description>
    <statBases>
      <MoveSpeed>2.5</MoveSpeed>
      <ComfyTemperatureMin>-30</ComfyTemperatureMin>
      <MarketValue>1500</MarketValue>
    </statBases>
    <verbs>
      <li>
        <verbClass>Verb_MeleeAttack</verbClass>
        <defaultCooldownTime>2.4</defaultCooldownTime>
        <meleeDamageBaseAmount>16</meleeDamageBaseAmount>
        <meleeDamageDef>Bite</meleeDamageDef>
        <linkedBodyPartsGroup>TurtleBeakAttackTool</linkedBodyPartsGroup>
      </li>
    </verbs>
    <comps>
      <li Class="CompProperties_EggLayer">
        <eggFertilizedDef>EggToratonFertilized</eggFertilizedDef>
        <eggFertilizationCountMax>1</eggFertilizationCountMax>
        <eggLayIntervalDays>20</eggLayIntervalDays>
        <eggProgressUnfertilizedMax>0.5</eggProgressUnfertilizedMax>
        <eggCountRange>
          <min>3</min>
          <max>7</max>
        </eggCountRange>
      </li>
    </comps>
    <race>
      <body>TurtleLike</body>
      <baseBodySize>3.0</baseBodySize>
      <baseHungerRate>0.3</baseHungerRate>
      <baseHealthScale>5.0</baseHealthScale>
      <foodType>OmnivoreRoughAnimal</foodType>
      <meatLabel>toraton meat</meatLabel>
      <leatherDef>Leather_Toraton</leatherDef>
      <wildness>0.75</wildness>
	<packAnimal>true</packAnimal>
      <gestationPeriodDays>22.5</gestationPeriodDays>
      <litterSizeCurve>
        <points>
          <li>(0.5, 0)</li>
          <li>(1, 1)</li>
          <li>(3, 1)</li>
          <li>(3.5, 0)</li>
        </points>
      </litterSizeCurve>
      <lifeExpectancy>180</lifeExpectancy>
      <lifeStageAges>
        <li>
          <def>AnimalBaby</def>
          <minAge>0</minAge>
        </li>
        <li>
          <def>AnimalJuvenile</def>
          <minAge>0.25</minAge>
        </li>
        <li>
          <def>AnimalAdult</def>
          <minAge>0.8</minAge>
          <soundWounded>Pawn_Thrumbo_Pain</soundWounded>
          <soundDeath>Pawn_Thrumbo_Death</soundDeath>
          <soundCall>Pawn_Thrumbo_Call</soundCall>
          <soundAngry>Pawn_Thrumbo_Angry</soundAngry>
        </li>
      </lifeStageAges>
      <soundMeleeHitPawn>Pawn_Melee_SmallScratch_HitPawn</soundMeleeHitPawn>
      <soundMeleeHitBuilding>Pawn_Melee_SmallScratch_HitBuilding</soundMeleeHitBuilding>
      <soundMeleeMiss>Pawn_Melee_SmallScratch_Miss</soundMeleeMiss>
	  <wildBiomes>
		<TropicalRainforest>0.1</TropicalRainforest>
		<TemperateForest>0.05</TemperateForest>
		<AridShrubland>0.1</AridShrubland>
		<Desert>0.3</Desert>
		<TemperateSwamp>0.1</TemperateSwamp>
		<TropicalSwamp>0.1</TropicalSwamp>
      </wildBiomes>
    </race>
    <tradeTags>
      <li>StandardAnimal</li>
    </tradeTags>
  </ThingDef>

  <PawnKindDef ParentName="AnimalKindBase">
    <defName>Toraton</defName>
    <label>toraton</label>
    <race>Toraton</race>
    <combatPower>90</combatPower>
    <ecoSystemWeight>0.4</ecoSystemWeight>
    <lifeStages>
      <li>
        <bodyGraphicData>
          <texPath>Things/Pawn/Animal/Toraton</texPath>
          <drawSize>2.4</drawSize>
        </bodyGraphicData>
        <dessicatedBodyGraphicData>
          <texPath>Things/Pawn/Animal/Elephant/Dessicated_Elephant</texPath>
          <drawSize>2.4</drawSize>
        </dessicatedBodyGraphicData>
      </li>
      <li>
        <bodyGraphicData>
          <texPath>Things/Pawn/Animal/Toraton</texPath>
          <drawSize>2.5</drawSize>
        </bodyGraphicData>
        <dessicatedBodyGraphicData>
          <texPath>Things/Pawn/Animal/Elephant/Dessicated_Elephant</texPath>
          <drawSize>2.6</drawSize>
        </dessicatedBodyGraphicData>
      </li>
      <li>
        <bodyGraphicData>
          <texPath>Things/Pawn/Animal/Toraton</texPath>
          <drawSize>2.7</drawSize>
          <shadowData>
            <volume>(0.45, 0.45, 0.45)</volume>
            <offset>(0,0,0)</offset>
          </shadowData>
        </bodyGraphicData>
        <dessicatedBodyGraphicData>
          <texPath>Things/Pawn/Animal/Elephant/Dessicated_Elephant</texPath>
          <drawSize>3.0</drawSize>
        </dessicatedBodyGraphicData>
      </li>
    </lifeStages>
  </PawnKindDef>
</Defs>