<?xml version="1.0" encoding="utf-8" ?>
<Defs>

<ThingDef ParentName="BigBirdThingBase" ADogSaidBody="LegsArmsTail">
    <defName>Penguin</defName>
    <label>penguin</label>
    <description>An aquatic, flightless bird native to the coldest climates. Known for their cuteness. They are friendly to humans.</description>
    <statBases>
      <MoveSpeed>3.5</MoveSpeed>
      <ComfyTemperatureMin>-30</ComfyTemperatureMin>
      <MarketValue>250</MarketValue>
    </statBases>
    <race>
      <herdAnimal>true</herdAnimal>
      <baseBodySize>0.7</baseBodySize>
      <baseHungerRate>0.3</baseHungerRate>
      <baseHealthScale>0.7</baseHealthScale>
      <foodType>CarnivoreAnimal</foodType>
      <meatLabel>penguin meant</meatLabel>
      <wildness>0.45</wildness>
      <lifeExpectancy>20</lifeExpectancy>
      <leatherDef>Leather_Penguin</leatherDef>
	  <wildBiomes>
		<IceSheet>0.5</IceSheet>
		<SeaIce>1</SeaIce>
      </wildBiomes>
    </race>
    <comps>
      <li Class="CompProperties_EggLayer">
        <eggFertilizedDef>EggPenguinFertilized</eggFertilizedDef>
        <eggFertilizationCountMax>1</eggFertilizationCountMax>
        <eggLayIntervalDays>11</eggLayIntervalDays>
        <eggProgressUnfertilizedMax>0.5</eggProgressUnfertilizedMax>
        <eggCountRange>
          <min>1</min>
          <max>3</max>
        </eggCountRange>
      </li>
    </comps>
    <verbs>
      <li>
        <verbClass>Verb_MeleeAttack</verbClass>
        <defaultCooldownTime>1.65</defaultCooldownTime>
        <meleeDamageBaseAmount>6</meleeDamageBaseAmount>
        <meleeDamageDef>Scratch</meleeDamageDef>
        <linkedBodyPartsGroup>Feet</linkedBodyPartsGroup>
        <surpriseAttack>
          <extraMeleeDamages>
            <li>
              <def>Stun</def>
              <amount>20</amount>
            </li>
          </extraMeleeDamages>
        </surpriseAttack>
      </li>
      <li>
        <verbClass>Verb_MeleeAttack</verbClass>
        <defaultCooldownTime>1.65</defaultCooldownTime>
        <meleeDamageBaseAmount>5</meleeDamageBaseAmount>
        <meleeDamageDef>Bite</meleeDamageDef>
        <linkedBodyPartsGroup>Beak</linkedBodyPartsGroup>
        <surpriseAttack>
          <extraMeleeDamages>
            <li>
              <def>Stun</def>
              <amount>20</amount>
            </li>
          </extraMeleeDamages>
        </surpriseAttack>
      </li>
    </verbs>
  </ThingDef>

  <PawnKindDef ParentName="BigBirdKindBase">
    <defName>Penguin</defName>
    <label>penguin</label>
    <race>Penguin</race>
    <lifeStages>
      <li>
        <bodyGraphicData>
          <texPath>Things/Pawn/Animal/Penguin</texPath>
          <drawSize>1.0</drawSize>
        </bodyGraphicData>
        <dessicatedBodyGraphicData>
          <texPath>Things/Pawn/Animal/Cassowary/Dessicated_Cassowary</texPath>
          <drawSize>1.0</drawSize>
        </dessicatedBodyGraphicData>
      </li>
      <li>
        <bodyGraphicData>
          <texPath>Things/Pawn/Animal/Penguin</texPath>
          <drawSize>1.2</drawSize>
          <shadowData>
            <volume>(0.3, 0.3, 0.3)</volume>
            <offset>(0,0,-0.3)</offset>
          </shadowData>
        </bodyGraphicData>
        <dessicatedBodyGraphicData>
          <texPath>Things/Pawn/Animal/Cassowary/Dessicated_Cassowary</texPath>
          <drawSize>1.2</drawSize>
        </dessicatedBodyGraphicData>
      </li>
      <li>
        <bodyGraphicData>
          <texPath>Things/Pawn/Animal/Penguin</texPath>
          <drawSize>1.4</drawSize>
          <shadowData>
            <volume>(0.4, 0.4, 0.4)</volume>
            <offset>(0,0,-0.2)</offset>
          </shadowData>
        </bodyGraphicData>
        <femaleGraphicData>
          <texPath>Things/Pawn/Animal/Penguin</texPath>
          <drawSize>1.4</drawSize>
          <shadowData>
            <volume>(0.4, 0.4, 0.4)</volume>
            <offset>(0,0,-0.2)</offset>
          </shadowData>
        </femaleGraphicData>
        <dessicatedBodyGraphicData>
          <texPath>Things/Pawn/Animal/Cassowary/Dessicated_Cassowary</texPath>
          <drawSize>1.4</drawSize>
        </dessicatedBodyGraphicData>
      </li>
    </lifeStages>
  </PawnKindDef>

</Defs>