﻿<?xml version="1.0" encoding="utf-8" ?>
<Defs>

<ThingDef ParentName="AnimalThingBase" ADogSaidBody="LegsArms">
    <defName>Neanderthal</defName>
    <label>neanderthal</label>
    <description>Hunanity's closest relative. Neanderthals communicate using primitive vocalizations without understanding actual language. They are apex predators, capable of bringing down a wide range of prey.</description>
    <statBases>
      <MarketValue>1750</MarketValue>
      <MoveSpeed>4.84</MoveSpeed>
      <ComfyTemperatureMin>-5</ComfyTemperatureMin>
    </statBases>
    <verbs>
      <li>
        <verbClass>Verb_MeleeAttack</verbClass>
        <defaultCooldownTime>1.3</defaultCooldownTime>
        <meleeDamageBaseAmount>10</meleeDamageBaseAmount>
        <meleeDamageDef>Blunt</meleeDamageDef>
        <linkedBodyPartsGroup>LeftHand</linkedBodyPartsGroup>
      </li>
      <li>
        <verbClass>Verb_MeleeAttack</verbClass>
        <defaultCooldownTime>1.3</defaultCooldownTime>
        <meleeDamageBaseAmount>10</meleeDamageBaseAmount>
        <meleeDamageDef>Blunt</meleeDamageDef>
        <linkedBodyPartsGroup>RightHand</linkedBodyPartsGroup>
      </li>
    </verbs>
    <race>
      <body>Human</body>
      <petness>0.25</petness>
      <baseBodySize>1.0</baseBodySize>
      <baseHungerRate>0.25</baseHungerRate>
      <baseHealthScale>1.0</baseHealthScale>
      <foodType>OmnivoreRoughAnimal</foodType>
      <meatLabel>neanderthal meat</meatLabel>
      <leatherDef>Leather_Neanderthal</leatherDef>
      <trainability>Advanced</trainability>
      <wildness>0.60</wildness>
      <nuzzleMtbHours>72</nuzzleMtbHours>
      <gestationPeriodDays>16</gestationPeriodDays>
      <lifeExpectancy>80</lifeExpectancy>
      <lifeStageAges>
        <li>
          <def>AnimalBaby</def>
          <minAge>0</minAge>
        </li>
        <li>
          <def>AnimalJuvenile</def>
          <minAge>0.25</minAge>
        </li>
        <li>
          <def>AnimalAdult</def>
          <minAge>0.9</minAge>
          <soundWounded>Pawn_Monkey_Wounded</soundWounded>
          <soundDeath>Pawn_Monkey_Death</soundDeath>
          <soundCall>Pawn_Monkey_Call</soundCall>
          <soundAngry>Pawn_Monkey_Angry</soundAngry>
        </li>
      </lifeStageAges>
      <soundMeleeHitPawn>Pawn_Melee_SmallScratch_HitPawn</soundMeleeHitPawn>
      <soundMeleeHitBuilding>Pawn_Melee_SmallScratch_HitBuilding</soundMeleeHitBuilding>
      <soundMeleeMiss>Pawn_Melee_SmallScratch_Miss</soundMeleeMiss>
	  <wildBiomes>
		<TropicalRainforest>0.1</TropicalRainforest>
		<TemperateForest>0.1</TemperateForest>
		<AridShrubland>0.1</AridShrubland>
		<TemperateSwamp>0.1</TemperateSwamp>
		<TropicalSwamp>0.1</TropicalSwamp>
      </wildBiomes>
    </race>
    <tradeTags>
      <li>StandardAnimal</li>
      <li>BadassAnimal</li>
    </tradeTags>
  </ThingDef>

  <PawnKindDef ParentName="AnimalKindBase">
    <defName>Neanderthal</defName>
    <label>neanderthal</label>
    <race>Neanderthal</race>
    <combatPower>65</combatPower>
    <ecoSystemWeight>0.9</ecoSystemWeight>
    <wildGroupSize>
      <min>1</min>
      <max>5</max>
    </wildGroupSize>
    <lifeStages>
      <li>
        <bodyGraphicData>
          <texPath>Things/Pawn/Animal/Neanderthal</texPath>
          <drawSize>1</drawSize>
        </bodyGraphicData>
        <dessicatedBodyGraphicData>
          <texPath>Things/Pawn/Animal/Monkey/Dessicated_Monkey</texPath>
          <drawSize>1</drawSize>
        </dessicatedBodyGraphicData>
      </li>
      <li>
        <bodyGraphicData>
          <texPath>Things/Pawn/Animal/Neanderthal</texPath>
          <drawSize>1.25</drawSize>
          <shadowData>
            <volume>(0.2, 0.2, 0.2)</volume>
            <offset>(0,0,-0.2)</offset>
          </shadowData>
        </bodyGraphicData>
        <dessicatedBodyGraphicData>
          <texPath>Things/Pawn/Animal/Monkey/Dessicated_Monkey</texPath>
          <drawSize>1.25</drawSize>
        </dessicatedBodyGraphicData>
      </li>
      <li>
        <bodyGraphicData>
          <texPath>Things/Pawn/Animal/Neanderthal</texPath>
          <drawSize>1.5</drawSize>
          <shadowData>
            <volume>(0.3, 0.3, 0.3)</volume>
            <offset>(0,0,-0.2)</offset>
          </shadowData>
        </bodyGraphicData>
        <femaleGraphicData>
          <texPath>Things/Pawn/Animal/Neanderthalfem</texPath>
          <drawSize>1.5</drawSize>
          <shadowData>
            <volume>(0.3, 0.3, 0.3)</volume>
            <offset>(0,0,-0.2)</offset>
          </shadowData>
        </femaleGraphicData>
        <dessicatedBodyGraphicData>
          <texPath>Things/Pawn/Animal/Monkey/Dessicated_Monkey</texPath>
          <drawSize>1.5</drawSize>
        </dessicatedBodyGraphicData>
      </li>
    </lifeStages>
  </PawnKindDef>

</Defs>